festival_id,festival_name_en,year,date,end_date,region,certainty,source_note
fest_ahoi_ashtami,Ahoi Ashtami,2026,2026-11-01,,all,medium,"Sources: Gupt Vrindavan Dham, India TV calendar (day grouping inferred). Spot-check"
fest_ahoi_ashtami,Ahoi Ashtami,2027,,,all,,
fest_akshaya_tritiya,Akshaya Tritiya,2026,,,all,,
fest_akshaya_tritiya,Akshaya Tritiya,2027,,,all,,
fest_amarnath_yatra,Amarnath Yatra,2026,,,all,,
fest_amarnath_yatra,Amarnath Yatra,2027,,,all,,
fest_ambubachi_mela,Ambubachi Mela,2026,,,all,,
fest_ambubachi_mela,Ambubachi Mela,2027,,,all,,
fest_anant_chaturdashi,Anant Chaturdashi,2026,,,all,,
fest_anant_chaturdashi,Anant Chaturdashi,2027,,,all,,
fest_ayudha_puja,Ayudha Puja,2026,2026-10-20,,all,medium,Mahanavami/Ayudha Puja 20 Oct per Karnataka holiday list (Hindutone); Drik Panchang tithi timings consistent; redBus shows 19 Oct. Spot-check
fest_ayudha_puja,Ayudha Puja,2027,,,all,,
fest_bahuda_yatra,Bahuda Yatra,2026,,,all,,
fest_bahuda_yatra,Bahuda Yatra,2027,,,all,,
fest_baisakhi,Baisakhi,2026,,,all,,
fest_baisakhi,Baisakhi,2027,,,all,,
fest_bathukamma,Bathukamma,2026,,,all,,
fest_bathukamma,Bathukamma,2027,,,all,,
fest_bhagoria,Bhagoria Haat,2026,,,all,,
fest_bhagoria,Bhagoria Haat,2027,,,all,,
fest_bhai_dooj,Bhai Dooj,2026,2026-11-11,,all,high,"HappyFares shows 10 or 11 Nov. Sources: Gupt Vrindavan Dham, Devaastha, Templepedia, India TV"
fest_bhai_dooj,Bhai Dooj,2027,,,all,,
fest_bihu_bohag,Bohag Bihu (Rongali Bihu),2026,,,all,,
fest_bihu_bohag,Bohag Bihu (Rongali Bihu),2027,,,all,,
fest_bihu_kati,Kati Bihu (Kongali Bihu),2026,,,all,,
fest_bihu_kati,Kati Bihu (Kongali Bihu),2027,,,all,,
fest_bihu_magh,Magh Bihu (Bhogali Bihu),2026,,,all,,
fest_bihu_magh,Magh Bihu (Bhogali Bihu),2027,,,all,,
fest_boita_bandana,Boita Bandana (Bali Yatra),2026,,,all,,
fest_boita_bandana,Boita Bandana (Bali Yatra),2027,,,all,,
fest_bonalu,Bonalu,2026,,,all,,
fest_bonalu,Bonalu,2027,,,all,,
fest_chaitra_navratri,Chaitra Navratri,2026,,,all,,
fest_chaitra_navratri,Chaitra Navratri,2027,,,all,,
fest_cheti_chand,Cheti Chand,2026,,,all,,
fest_cheti_chand,Cheti Chand,2027,,,all,,
fest_chhath,Chhath Puja,2026,2026-11-13,2026-11-16,all,high,"Main Sandhya Arghya 15 Nov, Usha Arghya 16 Nov. Sources: HappyFares, Divine Hindu, Gupt Vrindavan Dham, Templepedia, India TV"
fest_chhath,Chhath Puja,2027,,,all,,
fest_chitragupta_puja,Chitragupta Puja,2026,2026-11-11,,all,low,India TV lists it with Bhai Dooj (same Dwitiya tithi). Single source. Spot-check with family panchang
fest_chitragupta_puja,Chitragupta Puja,2027,,,all,,
fest_dattatreya_jayanti,Dattatreya Jayanti,2026,2026-12-23,,all,high,"Margashirsha Purnima. Sources: Sivananda, India TV, Samvat, Dr R P Sharma"
fest_dattatreya_jayanti,Dattatreya Jayanti,2027,,,all,,
fest_dev_uthani_ekadashi,Dev Uthani Ekadashi (Prabodhini Ekadashi),2026,2026-11-20,,all,high,"Sources: Gupt Vrindavan Dham, HappyFares, Divine Hindu, Sivananda"
fest_dev_uthani_ekadashi,Dev Uthani Ekadashi (Prabodhini Ekadashi),2027,,,all,,
fest_devshayani_ekadashi,Devshayani Ekadashi,2026,,,all,,
fest_devshayani_ekadashi,Devshayani Ekadashi,2027,,,all,,
fest_dhanteras,Dhanteras,2026,2026-11-06,,all,high,"Sources: Gupt Vrindavan Dham, HappyFares, Devaastha, Templepedia"
fest_dhanteras,Dhanteras,2027,,,all,,
fest_diwali,Diwali,2026,2026-11-08,,all,high,"Lakshmi Puja night; five-day festival 6 to 11 Nov. Sources: Devaastha, HappyFares, Gupt Vrindavan Dham, Templepedia, HinduHub"
fest_diwali,Diwali,2027,,,all,,
fest_dol_jatra,Dol Jatra (Dol Purnima),2026,,,all,,
fest_dol_jatra,Dol Jatra (Dol Purnima),2027,,,all,,
fest_durga_puja,Durga Puja,2026,2026-10-17,2026-10-21,all,regional_variation,"Bengal panjika: Shashthi 17 Oct, Bijoya Dashami 21 Oct. Other calendars: 16 Oct to 20 Oct. Maha Ashtami 19 Oct and Mahalaya 10 Oct agree everywhere. Sources: Divine Hindu, Culture Today, Devaastha, Rangoli India, Astor Kolkata, Wikipedia"
fest_durga_puja,Durga Puja,2027,,,all,,
fest_dussehra,Dussehra (Vijayadashami),2026,2026-10-20,,all,high,"Karnataka/Mysuru observes Vijayadashami on 21 Oct. Sources: Wikipedia, HappyFares, Devaastha, Templepedia, redBus, Drik Panchang (North India)"
fest_dussehra,Dussehra (Vijayadashami),2027,,,all,,
fest_ganesh_chaturthi,Ganesh Chaturthi,2026,,,all,,
fest_ganesh_chaturthi,Ganesh Chaturthi,2027,,,all,,
fest_ganga_dussehra,Ganga Dussehra,2026,,,all,,
fest_ganga_dussehra,Ganga Dussehra,2027,,,all,,
fest_gangaur,Gangaur,2026,,,all,,
fest_gangaur,Gangaur,2027,,,all,,
fest_geeta_jayanti,Geeta Jayanti,2026,2026-12-20,,all,high,"Mokshada Ekadashi same day. Sources: Gupt Vrindavan Dham, Templepedia, Sivananda"
fest_geeta_jayanti,Geeta Jayanti,2027,,,all,,
fest_gopashtami,Gopashtami,2026,2026-11-17,,all,high,"Sources: Sivananda spiritual calendar, India TV"
fest_gopashtami,Gopashtami,2027,,,all,,
fest_govardhan,Govardhan Puja,2026,2026-11-10,,all,high,"Sources: Gupt Vrindavan Dham, Devaastha, Templepedia, Divine Hindu"
fest_govardhan,Govardhan Puja,2027,,,all,,
fest_gowri_habba,Gowri Habba (Swarna Gauri Vrata),2026,,,all,,
fest_gowri_habba,Gowri Habba (Swarna Gauri Vrata),2027,,,all,,
fest_gudi_padwa,Gudi Padwa,2026,,,all,,
fest_gudi_padwa,Gudi Padwa,2027,,,all,,
fest_guru_purnima,Guru Purnima,2026,,,all,,
fest_guru_purnima,Guru Purnima,2027,,,all,,
fest_hanuman_puja,Hanuman Jayanti,2026,,,all,,
fest_hanuman_puja,Hanuman Jayanti,2027,,,all,,
fest_harela,Harela,2026,,,all,,
fest_harela,Harela,2027,,,all,,
fest_hareli,Hareli,2026,,,all,,
fest_hareli,Hareli,2027,,,all,,
fest_hariyali_teej,Hariyali Teej,2026,,,all,,
fest_hariyali_teej,Hariyali Teej,2027,,,all,,
fest_hartalika_teej,Hartalika Teej,2026,,,all,,
fest_hartalika_teej,Hartalika Teej,2027,,,all,,
fest_holi,Holi,2026,,,all,,
fest_holi,Holi,2027,,,all,,
fest_jagaddhatri_puja,Jagaddhatri Puja,2026,,,all,,
fest_jagaddhatri_puja,Jagaddhatri Puja,2027,,,all,,
fest_jamai_shashthi,Jamai Shashthi,2026,,,all,,
fest_jamai_shashthi,Jamai Shashthi,2027,,,all,,
fest_janmashtami,Janmashtami,2026,,,all,,
fest_janmashtami,Janmashtami,2027,,,all,,
fest_jhulan_yatra,Jhulan Yatra,2026,,,all,,
fest_jhulan_yatra,Jhulan Yatra,2027,,,all,,
fest_jitiya,Jitiya Vrat,2026,,,all,,
fest_jitiya,Jitiya Vrat,2027,,,all,,
fest_kali_puja,Kali Puja,2026,2026-11-08,,all,medium,"Bengal Kali Puja on Diwali amavasya night. Source: Wikipedia (Kali Puja), consistent with Diwali 8 Nov. Spot-check"
fest_kali_puja,Kali Puja,2027,,,all,,
fest_kanwar_yatra,Kanwar Yatra,2026,,,all,,
fest_kanwar_yatra,Kanwar Yatra,2027,,,all,,
fest_karma_puja,Karma Puja (Karam Parv),2026,,,all,,
fest_karma_puja,Karma Puja (Karam Parv),2027,,,all,,
fest_karthigai_deepam,Karthigai Deepam,2026,2026-11-24,,all,high,"Drik Panchang, karthigaideepam.com, Arunachala Shiva, DKScore agree; a few low-quality sites show 25 or 30 Nov"
fest_karthigai_deepam,Karthigai Deepam,2027,,,all,,
fest_kartik_purnima,Kartik Purnima (Dev Deepawali),2026,2026-11-24,,all,high,"Dev Deepawali same day. Sources: Wikipedia (Dev Deepavali), Gupt Vrindavan Dham, Sivananda"
fest_kartik_purnima,Kartik Purnima (Dev Deepawali),2027,,,all,,
fest_karwa_chauth,Karwa Chauth,2026,2026-10-29,,all,high,"Sources: Gupt Vrindavan Dham, Devaastha, HinduHub, Templepedia"
fest_karwa_chauth,Karwa Chauth,2027,,,all,,
fest_kharchi_puja,Kharchi Puja,2026,,,all,,
fest_kharchi_puja,Kharchi Puja,2027,,,all,,
fest_kullu_dussehra,Kullu Dussehra,2026,,,all,,
fest_kullu_dussehra,Kullu Dussehra,2027,,,all,,
fest_lohri,Lohri,2026,,,all,,
fest_lohri,Lohri,2027,,,all,,
fest_maha_shivratri,Maha Shivratri,2026,,,all,,
fest_maha_shivratri,Maha Shivratri,2027,,,all,,
fest_maha_vishuva_sankranti,Maha Vishuva Sankranti (Pana Sankranti),2026,,,all,,
fest_maha_vishuva_sankranti,Maha Vishuva Sankranti (Pana Sankranti),2027,,,all,,
fest_makar_sankranti,Makar Sankranti,2026,,,all,,
fest_makar_sankranti,Makar Sankranti,2027,,,all,,
fest_mauni_amavasya,Mauni Amavasya,2026,,,all,,
fest_mauni_amavasya,Mauni Amavasya,2027,,,all,,
fest_mysuru_dasara,Mysuru Dasara,2026,2026-10-11,2026-10-21,all,high,"Jamboo Savari/Vijayadashami 21 Oct per Mysuru panchanga. Sources: Drik Panchang, Dharmayana, Hindutone, DKScore"
fest_mysuru_dasara,Mysuru Dasara,2027,,,all,,
fest_nag_panchami,Nag Panchami,2026,,,all,,
fest_nag_panchami,Nag Panchami,2027,,,all,,
fest_naraka_chaturdashi,Naraka Chaturdashi (Choti Diwali),2026,2026-11-07,,all,medium,Choti Diwali/Kali Chaudas 7 Nov per Devaastha and Gupt Vrindavan Dham; one calendar lists Narak Chaturdashi with Diwali on 8 Nov. Spot-check
fest_naraka_chaturdashi,Naraka Chaturdashi (Choti Diwali),2027,,,all,,
fest_narasimha_jayanti,Narasimha Jayanti,2026,,,all,,
fest_narasimha_jayanti,Narasimha Jayanti,2027,,,all,,
fest_navratri,Sharad Navratri,2026,2026-10-11,2026-10-20,all,high,"Ghatasthapana 11 Oct; ends with Dussehra 20 Oct. Sources: Devaastha, HappyFares, Templepedia, redBus, Pratidin Time (agree)"
fest_navratri,Sharad Navratri,2027,,,all,,
fest_navreh,Navreh,2026,,,all,,
fest_navreh,Navreh,2027,,,all,,
fest_nuakhai,Nuakhai,2026,,,all,,
fest_nuakhai,Nuakhai,2027,,,all,,
fest_onam,Onam,2026,,,all,,
fest_onam,Onam,2027,,,all,,
fest_parshuram_jayanti,Parashurama Jayanti,2026,,,all,,
fest_parshuram_jayanti,Parashurama Jayanti,2027,,,all,,
fest_phool_dei,Phool Dei (Phulera),2026,,,all,,
fest_phool_dei,Phool Dei (Phulera),2027,,,all,,
fest_pitru_paksha,Pitru Paksha (Mahalaya),2026,,,all,,
fest_pitru_paksha,Pitru Paksha (Mahalaya),2027,,,all,,
fest_poila_boishakh,Poila Boishakh (Bengali New Year),2026,,,all,,
fest_poila_boishakh,Poila Boishakh (Bengali New Year),2027,,,all,,
fest_pola,Pola,2026,,,all,,
fest_pola,Pola,2027,,,all,,
fest_pongal,Pongal,2026,,,all,,
fest_pongal,Pongal,2027,,,all,,
fest_puthandu,Puthandu (Tamil New Year),2026,,,all,,
fest_puthandu,Puthandu (Tamil New Year),2027,,,all,,
fest_radhashtami,Radhashtami,2026,,,all,,
fest_radhashtami,Radhashtami,2027,,,all,,
fest_raja_parba,Raja Parba (Raja Sankranti),2026,,,all,,
fest_raja_parba,Raja Parba (Raja Sankranti),2027,,,all,,
fest_raksha_bandhan,Raksha Bandhan,2026,,,all,,
fest_raksha_bandhan,Raksha Bandhan,2027,,,all,,
fest_ram_navami,Ram Navami,2026,,,all,,
fest_ram_navami,Ram Navami,2027,,,all,,
fest_rang_panchami,Rang Panchami,2026,,,all,,
fest_rang_panchami,Rang Panchami,2027,,,all,,
fest_rath_yatra,Rath Yatra,2026,,,all,,
fest_rath_yatra,Rath Yatra,2027,,,all,,
fest_ratha_saptami,Ratha Saptami,2026,,,all,,
fest_ratha_saptami,Ratha Saptami,2027,,,all,,
fest_saraswati_puja,Vasant Panchami (Saraswati Puja),2026,,,all,,
fest_saraswati_puja,Vasant Panchami (Saraswati Puja),2027,,,all,,
fest_sarhul,Sarhul,2026,,,all,,
fest_sarhul,Sarhul,2027,,,all,,
fest_satyanarayan,Satyanarayan Puja,2026,,,all,,
fest_satyanarayan,Satyanarayan Puja,2027,,,all,,
fest_sharad_purnima,Sharad Purnima,2026,2026-10-25,,all,high,"Purnima tithi starts 25 Oct about 11:55 AM IST, night observance. Sources: Wikipedia, CalendarLabs, inkl, Prinjal, Vrindavan Guide"
fest_sharad_purnima,Sharad Purnima,2027,,,all,,
fest_sheetala_ashtami,Sheetala Ashtami (Basoda),2026,,,all,,
fest_sheetala_ashtami,Sheetala Ashtami (Basoda),2027,,,all,,
fest_shigmo,Shigmo (Shigmotsav),2026,,,all,,
fest_shigmo,Shigmo (Shigmotsav),2027,,,all,,
fest_skanda_shashthi,Skanda Shashthi (Soorasamharam),2026,2026-11-15,,all,high,"Soorasamharam 15 Nov. Sources: Sivananda spiritual calendar, India TV"
fest_skanda_shashthi,Skanda Shashthi (Soorasamharam),2027,,,all,,
fest_snana_yatra,Snana Yatra (Snana Purnima),2026,,,all,,
fest_snana_yatra,Snana Yatra (Snana Purnima),2027,,,all,,
fest_thaipusam,Thaipusam,2026,,,all,,
fest_thaipusam,Thaipusam,2027,,,all,,
fest_tulsi_vivah,Tulsi Vivah,2026,2026-11-21,,all,high,"Kartik Shukla Dwadashi; many families do it on 20 Nov or any day up to Purnima. Sources: SmartPuja, Divine Hindu, Devaastha, TheDevlok, Merirashi"
fest_tulsi_vivah,Tulsi Vivah,2027,,,all,,
fest_tusu_parab,Tusu Parab,2026,,,all,,
fest_tusu_parab,Tusu Parab,2027,,,all,,
fest_ugadi,Ugadi,2026,,,all,,
fest_ugadi,Ugadi,2027,,,all,,
fest_vaikuntha_ekadashi,Vaikuntha Ekadashi,2026,2026-12-20,,all,medium,ISKCON Bangalore 20 Dec; India TV lists 21 Dec (Smarta/Vaishnava difference possible). Spot-check
fest_vaikuntha_ekadashi,Vaikuntha Ekadashi,2027,,,all,,
fest_varalakshmi_vratam,Varalakshmi Vratam,2026,,,all,,
fest_varalakshmi_vratam,Varalakshmi Vratam,2027,,,all,,
fest_vat_savitri,Vat Savitri Vrat,2026,,,all,,
fest_vat_savitri,Vat Savitri Vrat,2027,,,all,,
fest_vishu,Vishu,2026,,,all,,
fest_vishu,Vishu,2027,,,all,,
fest_vishwakarma,Vishwakarma Puja,2026,,,all,,
fest_vishwakarma,Vishwakarma Puja,2027,,,all,,
fest_vivah_panchami,Vivah Panchami,2026,,,all,,
fest_vivah_panchami,Vivah Panchami,2027,,,all,,
fest_wangala,Wangala (Hundred Drums Festival),2026,,,all,,
fest_wangala,Wangala (Hundred Drums Festival),2027,,,all,,
fest_yaoshang,Yaoshang,2026,,,all,,
fest_yaoshang,Yaoshang,2027,,,all,,
